,Headline,Link,Date
0,Aflac Incorporated Discloses Cybersecurity Incident,https://news.google.com/read/CBMiqwFBVV95cUxPS0JOcHdRNnpvV3hxOUJPaU5Jem81ZHI4UGlweDVlcTVYeWprNUtBdHhEN2MtNFcwYVJ0M3oySDk4REJjQTR1TTdBVElTN1JjWTBveFozb08tWkM1X2g0dmJvMGtqWU9sSTRudXBtci1YWmctVUxqX0Q2bU9jb2ViZnJ4U05QS1VvRUpIZjMxbEJrZ3hXd3VIelVyYUt4bXVkd01Eb2RCV3QyN2s?hl=en-IN&gl=IN&ceid=IN%3Aen,20-06-2025
1,Why upskilling in AI and cybersecurity is crucial for today’s digital-first workforce,https://news.google.com/read/CBMi7AFBVV95cUxPeGR5aURDdUlFRVc1bXRqcFk5ZjFHX1psY2tnZEFzalBpQzVYemMyVThQZm85cE1SMzF6SlRwcDl5eG1YSjZzRlpfNlh4NXVoeHh4WDFQOWJOd3dHWlVFYlItRjJZQWZIQTVGMEsxYzZFUWhCWm5FVnR4eUFoU3VpSkItMnYzSGRpWXU4bnBYQ24tcnl3blc1RG5WcDdlaU42OTNUNU9wTTBXaVU3Q0Y3eENoZzhpOG1rZm1Rbk9iSWEyZVlrOUU0Yl9samRuWlYzRXFMWlh4eUpnbVV2UHNVelg0OXBqb0daQ0RGVw?hl=en-IN&gl=IN&ceid=IN%3Aen,20-06-2025
2,Cybersecurity Compliance,https://news.google.com/read/CBMiZ0FVX3lxTFBub0NXOUNyQWNhejFnV2FHdjFFcy1kcGJKR1dJaE5oMWRFck5sWndweWcySXhaVkVEOEhSS1EzZFRQVTdISUltM29HNXpraXBjcjJBUzJGTHVndk4yQ2V1LXlJZGVNUmM?hl=en-IN&gl=IN&ceid=IN%3Aen,22-06-2025
3,Join Webinar on Cybersecurity & DFIR in the age of Gen AI and Deepfakes,https://news.google.com/read/CBMilAFBVV95cUxPWDRXV01QOXdPa2c4bzVnRThSUy1jTjhLWHNtVm55dml2bi00bXJkcTIzNHUwSHVIcTROdFBTV3p0Z1F2dWpXN0UyWHBQeXRNajlmbVVaaHpMYmlBVkpUSkNmOHdKR0R5UEY3dFV3OTJMYS1KUWN4NVZCbjBVU3FfQUNNc29UMFNSbmRYRDFtLUhwMm9u?hl=en-IN&gl=IN&ceid=IN%3Aen,23-06-2025
4,Massive data breach exposes 16 billion passwords: What should you do? | Cybersecurity,https://news.google.com/read/CBMi4gFBVV95cUxPVS1ZUkFfS3ZsdVN3XzNQYWk2QlliaGQwRWJUMzh2czNkNXJvazhzX0k3TVh2REdfZE51ZXJ1QjM5SnpUVkVtR2o1cWxWSWF4TFF3YXh2bVJDQW44ME9JM2N1eWpQU091cmpMTDB6QkMtNVRKcHo4cmppWElndGU1SXFhallxQ2FvS0JFV2JmNWhQTXAtRHhZQW9rZ2Q5TTRONGZfamYwTFd0VkpZRHdJdE9SWVZEZDdtYmlvdFJ5c2RLVU5kWVFlcXZoSTJsWmhOckhuNjI4Nkk4LUNLRVNxQUZn?hl=en-IN&gl=IN&ceid=IN%3Aen,22-06-2025
5,Cybersecurity nightmare: More than 16 billion passwords leaked in unprecedented data breach,https://news.google.com/read/CBMiwAFBVV95cUxOTVlPWkw5MGloNm9iNDlnQXFzVTJuVV95TWN2TWVKR1k4cXNUcllNcDNIQ0hzRVZ1ZWtOSjY4dE05YVRna2NzSTdXdUxrMDZTUHZQZnJMblVKNVUtX1ZhSnVGTEVsb09fZGJ0dDRJRnpSMEo5NUJVUnFrQ1N6dzFWQ1ltVHN2ZlJtLU5GZWVjbndkd0M0MDJCSFhrbXc3TjdWUGd4U3BhODFHYTJNNVAyZ29sMm04TjVjcURmeGM1R2XSAccBQVVfeXFMUEhPM2pIVmxYWG9KaVAtT1RkQ0lEQml6clRIOHU4akJUTzdNRzVZQnpYMlk5U0doVDFDWkRWYXZ6RzZlMnZMUl95bnRMYURqMnNqcnRRMGd0dkdkelNVSGYwR3Fzc1E0TlhNTW81NVhjaldVcjIxUWlLT0xkZVBRekpZSXJKZFNQdkNPa052Q0lwYmJzVUx4d2IxS21xSWlnczFrUWdoUnR2RFBLQjYtT0F5NFNxX1drRzBaSnZiVmc2aDA0d0Z5dw?hl=en-IN&gl=IN&ceid=IN%3Aen,22-06-2025
6,FBI and Canadian cybersecurity agency warns: Chinese hackers attacking telecom services in Canada,https://news.google.com/read/CBMiiwJBVV95cUxQSTZqcXY1bUFZaGp5UzN6ZXVocUJSUUcxQmJ5ZEg2TzJMRHVJRUpQQ2YwWFRGQzkyeW1vRjREb3NlQ09oSGZJcE9Xd0hNZENmVksxR2Vpb3YxS3pWUWxSaHJjdHNwQmhHY3NZSGotc3NzWDlQck04VURXb3dGZk9wUnFfMlFTYzhoSWRyLW9ZMldPQmhHcldjMUJyUXN4emhYcGpzX25oYlYxdFRQQy1TdnRTWDFXdmVPTURESUlteGxnT0c0MjBteFVsdE9nbWMxTHlRckRCSVF6ZUhmZ01LaUZ3RGgxeS1xMkZPSXN5X2ZCOW5UUlNFUUFJTUpmWlRreVpGNU9Ha25vRDjSAZACQVVfeXFMUDN4ZGt1UTFtbTA4cFVyNkk0UWpYNndWTTJpdVE4UmFnSXFIT2xXNzZoZnBZU3FtNXZfTEE3M1BzNngtcXJCdzdtUXZpd3NncXVHZE4ybi1UcFB1eGZyZ21Ed01fNDVDYlEwVVFRUzdWLVIxMkVoblVCM19uYXREc1JTWl9IMTJYemwxdjdENTNWd0FrbjZDVm9UeS1uLW4tbDRxRUxsSjIzQzdERGlhUU9WSGhCX3pfekxNMXg0S0NDVlQ0TTZXSUpDSmNPaXRaZjFtZ044OHZvWS1IcnR6SEYzVGpWX2hYcXo4cWp4ajRBY2ZZTy1MdXd5S29jTjVTVG1IOEl4cmVZcVpIWjU2Nkw?hl=en-IN&gl=IN&ceid=IN%3Aen,22-06-2025
7,Cybersecurity Alert: 16 billion credentials leaked in largest-ever data breach,https://news.google.com/read/CBMi1gFBVV95cUxQZHljUkJ4aENETUQtQ0JLZ2NCLWxrWDA3bFh4R2JYLVZxSjl5Y0ZGbk9PeV9WYXZkeVNRS1d0LTZ1QzN5SE96R0ZYM1JvSHZpcGtMSmYyM2dJZjNKVVZKemFraUpXcERoQW9jcFYxMm42Y3d1Xy1uYXEzd3p3NVRLdXFsT0lsZGZDc1pycTNFNzJIMEtZTE94Y1haYWdkM2VFZE5UQ2I1SFBPOTFxbGtVNWZfaFZIa1Y2dHYxU0F6NDV0YndidVVoZ01tM3hBVXNfX3JRSGxB?hl=en-IN&gl=IN&ceid=IN%3Aen,20-06-2025
8,"U.S. Director of Intelligence Earns €177,000 Annually but Couldn’t Stop Hacker from Stealing Her Passwords",https://news.google.com/read/CBMi0gFBVV95cUxQcFVfVWYwVHpLT1VTR0doX0JXMndYTDlJWHBISnJiQzJ6YnNEc3poTGJvZmE3Unpqalhtb2xqSFpSdTFiYVNJR2FXbzRTdmx4Ykw0T3lFd0c0bnYySGFWUUpJZ0dpRXgzQXM0MlVSNTY5ako5U3VjdldIOFpvMnVidU8wUkdmeU5UQlo5M1FlYjJNc0pjcGtsbW5Bejh2M3RQTzVvRGNDWjRIZEFwRTUtYWJfQ1RndVVFek1xTFZ1QkhOUnJOSWVZQTBzLURKOTZUYlE?hl=en-IN&gl=IN&ceid=IN%3Aen,22-06-2025
9,"""हॅकर्सपासून वाचायचंय? 'हे' 5 सायबर नियम पाळाच!""",https://news.google.com/read/CBMigAJBVV95cUxPSVlGa0laTEEwaTV2WnZCUWtlZWEzVHNsZGJORjF1a3NNYklHR2hmenFXWElVTnRnQ2RCY2ZKMWljSjlUQUpDS3h0bFA5ZGxMX1dMb2xkem8tbF9OejJ1M19YaEp6U0NBaWU1SG5kcG5UckF1SlMweVhjZGd4QUVqRHhhSHMyRlVkSDlZWG9ybWx5Q0FUVjNibDJUM3FpdEpLcU81OHowSElYUHVuUzNZdGtXaDRQd3ZlUldGZlR4ZDFoNjhiakdXRU1rUnlQTG50WkkwaWtXNVhELUNjYnVtVndhT3BSTXk2RzBPRzZRVFVwUnFBM3BUTVIwZHVqN0lO0gGAAkFVX3lxTE9JWUZrSVpMQTBpNXZadkJRa2VlYTNUc2xkYk5GMXVrc01iSUdHaGZ6cVdYSVVOdGdDZEJjZkoxaWNKOVRBSkNLeHRsUDlkbExfV0xvbGR6by1sX056MnUzX1hoSnpTQ0FpZTVIbmRwblRyQXVKUzB5WGNkZ3hBRWpEeGFIczJGVWRIOVlYb3JtbHlDQVRWM2JsMlQzcWl0SktxTzU4ejBISVhQdW5TM1l0a1doNFB3dmVSV0ZmVHhkMWg2OGJqR1dFTWtSeVBMbnRaSTBpa1c1WEQtQ2NidW1Wd2FPcFJNeTZHME9HNlFUVXBScUEzcFRNUjBkdWo3SU4?hl=en-IN&gl=IN&ceid=IN%3Aen,23-06-2025
10,"NZ NCSC mandates minimum cybersecurity baseline for public sector agencies, sets October deadline",https://news.google.com/read/CBMi8gFBVV95cUxPa0FYOGoxV25zeDROYzdDVFA5NXFselI4U1VDRVNydE4yMzhDUldjMjY5X3otYjMxYkF0cUV2OUd5c09kMjcteG41QmtQcmtXX2VrUTBSUnpNc2F4OC1MaE51TXhDV1M5VFVZYjZPME5JMDg2UmhWd3otRkpzMDRpWGRLMEN1d3MtQzBaSTRiam5MRzhSdUY1cXlUWmt2cXlRd3pDZkUzVmN4NjlWazB3Z2V0NWxuSk1wY1Z2SXZFY1BjbmRQR1d0M2Q1OXVDcEdvY0xjRDVSX1FUdk9xTXp3VEFQdEdWZ1g5NkFZV25YV0d4QQ?hl=en-IN&gl=IN&ceid=IN%3Aen,23-06-2025
11,Clean Up in the Cybersecurity Aisle: Cybercriminals and Groceries,https://news.google.com/read/CBMingFBVV95cUxQVlF6ZjdOaWJnNlNYdzlsMUJGSkJDZFJJYS1kMENLUC1OTWszWUVmTWNfTFpDVTgxb3JXejFHc1JjVFlheHVCWjJmX0hIVHFVODFUQ3l6aFMwaVhieE9INW1vU3FXUklJRGFpSjhyN1hicURGMTJ0ZTNpRHpCVEt1X1k4TWdnTjFtUjFMdWg4c2l3bFN3cjZFeVJfUHl5dw?hl=en-IN&gl=IN&ceid=IN%3Aen,23-06-2025
12,What Is Cybersecurity?,https://news.google.com/read/CBMiWkFVX3lxTE9lRmhHM2pIOEV0dFZkYWlPbS1IMVFQYmc1d3pXVjdOdzdYM2kyN1QxVU56OXZ1bzBXdjF3enF6bVN6M2czVnpFa2t2S01URWpnNEN1eXV1cHRpQQ?hl=en-IN&gl=IN&ceid=IN%3Aen,13-06-2025
13,Public Outrage Grows Over Cybersecurity Caller Tune in Bachchan’s Voice,https://news.google.com/read/CBMibkFVX3lxTE9xT0FtdnhiSHBHMGwzS3ltbkZuTE9zWm5UVE44NVgxU2dFNmxhVGpWV1R4c3FHckI4NG9ZS2EySlg1aXQ0T0xqX2w0NlBudzlHb3VGSHl2VzVjQnJtbmNRVFdBYXF0R29EZWp6QWN3?hl=en-IN&gl=IN&ceid=IN%3Aen,23-06-2025
14,Cybersecurity Job Qualifications: What You Need to Get Hired,https://news.google.com/read/CBMimgFBVV95cUxOMlcxTHJCbGJlVkExa3lTbTYwRW94Y19USEd0X0dZcUY3YXZuZGhxejJLZDlPelRWeGpkZC11VkZCWWp6OHpwekRkY2xKcndvdDl6YURfT2Qwc0VBRzVlSGNGYnpRMXR0NDZsX0RReUh3V21kYzg1X0oxbXNfSUFXeWpWc3dzU0t4VWl4NkVfUkZpUW1KMWRHY3ZR?hl=en-IN&gl=IN&ceid=IN%3Aen,23-06-2025
15,10 tough cybersecurity questions every CISO must answer,https://news.google.com/read/CBMipAFBVV95cUxOVFBDU1IxV1dyMlItN3BqREJ3UVNBd2JNZjF2N3lsR1UzLVpWbkxGVDI3bVFJZW1yUDEySGJyRDZCUy1RWXRvOGJMenJWSklmZF9ucUNOb1lQOWMwcTBkOE1rTDVfQmN0aUhfX1pKYWhkSU95Qmx4bHNxc3MwX01LWllYb0dpeGRGSEs2S3g0LVJqSlB3NlI1NUVONHUxRXg5ZXMzdA?hl=en-IN&gl=IN&ceid=IN%3Aen,23-06-2025
16,Ep887 Solving cybersecurity? The need for more robust cyber resilience strategies,https://news.google.com/read/CBMisgFBVV95cUxQZV9Uc1ZtdDVSa0ltUTc0dUp2YUVIdUphWnc3ejhsQl80U3RadHRhanh6TmFOVV9iWmZQa3NJQTdnYkxhLWExczhUU19fUGZsZG1Bcng1U0RBX3dOcHVrbmFKM0JIZEhLcV93LW5tS3RGY1JMeUFqVGsyb21QZGs1YzJqUjNXcHdxQlc5SENEOWVWWEwwSER3ZXdnMUUzWkdnMVJTdDRsWXdNSno2c1ZKNk9n?hl=en-IN&gl=IN&ceid=IN%3Aen,23-06-2025
17,How Top Cybersecurity Companies Are Shaping the Future of Digital Safety?,https://news.google.com/read/CBMilAFBVV95cUxPc2Z4bWdaUzhydWd0UFIwQklNNElfcVE5UkxfdWxSSnpaZzNUMHFvTTVScVZ5dlRYYmNNT0Z5Q2ZfNFlvTmpCelNKN2NVZFRNTHlHMWJtUWJTY0d4aXVvNlQ2T19MN3lqcXFVNjBoMDdORmZ0bUk0ZDFMS0hRekRZcWRxbi1IcHZiTHBqZHB2NUN3U21q?hl=en-IN&gl=IN&ceid=IN%3Aen,23-06-2025
18,Hackers vs Cybersecurity: Is your data also breached? Here’s how to protect yourself!,https://news.google.com/read/CBMiugFBVV95cUxQQVVlYkJrUlVOdkhha0p2SklRTF81azh2NHc1WnZFVXZrN3NRWWE3TElxcmd3YmNjVnVSX0NYN1JXVHdiekpPR2pzYWtjdGV2RllMOTF0N1FaSnJoSDM4NFA4R1VfamtEd2liSGltM0NhQUFLOVBVankyZzRRTGVVczRxaUtVV09qZHVvaUQyc0lTQ211RkVydzQ2Ujk5RmxZVHBEZEhlTHFGSS1iUHZWRUF6WVlTNnlMcGfSAboBQVVfeXFMUEFVZWJCa1JVTnZIYWtKdkpJUUxfNWs4djR3NVp2RVV2azdzUVlhN0xJcXJnd2JjY1Z1Ul9DWDdSV1R3YnpKT0dqc2FrY3RldkZZTDkxdDdRWkpyaEgzODRQOEdVX2prRHdpYkhpbTNDYUFBSzlQVWp5Mmc0UUxlVXM0cWlLVVdPamR1b2lEMnNJU0NtdUZFcnc0NlI5OUZsWVRwRGRIZUxxRkktYlB2VkVBellZUzZ5THBn?hl=en-IN&gl=IN&ceid=IN%3Aen,23-06-2025
19,Achieving Cross-Domain Security in New Frontiers through Active Cyber Defense,https://news.google.com/read/CBMiX0FVX3lxTE15ZG55TVJwYk80Smp6S0kzSHBDZTlnQm9xbXY3ZXE3NXpNQm9HN0hHMEFuWWliYS10UmJyaHI2R1RLaHdQaW5SeTI2aEtoUWdFZkl1ZlJWa0N4R240bmtJ?hl=en-IN&gl=IN&ceid=IN%3Aen,23-06-2025
20,"Cybersecurity Market Size, Share, Analysis | Global Report 2032",https://news.google.com/read/CBMijgFBVV95cUxPMFIxZDUwdGM1SkItQTllQTFQenlBYnVnZnhpdXJkQlRSQWFFdFY4MDg0VVNSY2RaUDhjbE0xcElnNnVSNmhfQnFzQXJuLXAzbEFoaE16WXFEQWVKeURtaHZXckRFOVNHSURwN0p0OE5tLXZvT3FJVnpoWEJTLWJ2d0hOWUVxdS1rd1ktYkZB?hl=en-IN&gl=IN&ceid=IN%3Aen,02-06-2025
21,Quantum risk is already changing cybersecurity,https://news.google.com/read/CBMigAFBVV95cUxPYzNON0poY0dXZ1FIWVZhUUpna0tsWmxDR2hIMnloMXpDdEoxY09sekpPSGVubGtXOU54M3EzanUzeHpMX29qMUtuMlhJc1YwS1FhaTgyak1fbWhEVkYyQU5fTHJWcjRLR1RGMHJpVXBEQ1ZveFRoTXJSZnIwVmpYUg?hl=en-IN&gl=IN&ceid=IN%3Aen,23-06-2025
22,Cybersecurity Enhancement: Banks and RBI Collaborate to Introduce Digital Fraud Prevention,https://news.google.com/read/CBMiwAFBVV95cUxOZ1NOUUxyam5paWhYNi1La3pjaWw5bEQxLXMtS2RHajFJR1pNbjlVN3NkbkMtTmJvaVN5dk5FcDE1VFpueWxyQnZIWmtJNUNaZHdPcGtLbkJSaHVlSl84WFV4YWZ2SE1INWo2Wk5ROG44OHBFR3k4MlVUSlFsM2daYjhWRmMzSkJPOWNZNGRYUTlXeVdPaVpmaFVLSm0yT25UQmVBN2d3ajlkTHBsU3A1SG5wS3o3cHBhZW5oTjZNdjE?hl=en-IN&gl=IN&ceid=IN%3Aen,23-06-2025
23,20 Emerging Cybersecurity Trends to Watch Out in 2025,https://news.google.com/read/CBMibEFVX3lxTE0zX2Q1bWpUMkNRT3pwVUh5eC0waGZvTUVOclFOMHpHNl94dHRBekRESDhTX1BueDczRnk5LXVvZWNGbDZ1UjN2a0J4SkRwQmpsOGFqWXV3bVVUSjhGanhEYkFvV3dvYkx2N1hfRw?hl=en-IN&gl=IN&ceid=IN%3Aen,09-06-2025
24,BT Group joins CHERI Alliance to advance cybersecurity innovation,https://news.google.com/read/CBMinwFBVV95cUxNUW1IUHdjV2ZheVF2ZTdUUTVXdXB0VUVWaTJYUmthcGxkR1ZhV3JtUDY5d3VBV19XSm1iRE1aUWtxUTZEb1hLN3NMNXdRaFpVVUxlaGZVbFo2eVd4dFA5NnQ2bTcwbDlybWVpbmFFQ0gyMVhqT2NlWWxVXy1uSlhSWk9kNzZ1bzhCcnRzQlhVMHNWX0R1OEY5ZlpuTkxVWUU?hl=en-IN&gl=IN&ceid=IN%3Aen,23-06-2025
25,"Cybersecurity boost: Banks, RBI move to launch Digital Fraud Detection Platform amid soaring crimes - All",https://news.google.com/read/CBMiswJBVV95cUxOMmJEUm1nNWl4bmQ0aVQzMy1EVkE5WjhGQjBzaHRqRnZNN01QckZ6eGhlOVAxMFNpVHpPUXpuTDNNQndSVHpZMzVwdTlMc0NCN1ZXSXNrVEZjSC1kOTNfVFFzMlhLR1hMWjk4eTltNkxZdE5ONERfZWpDSFU1T1cySmdTTmdRbk4za0pCQzJvdWFIbzRxb0lHaG9Wa29EbDRBTXNNLUFTRnRvNmwwa05IcWdTRW5tZ0hSUnU5VnFPM3UyVC13QlRDNm5CdnBNQ185ZjZtMS16ZmZWWjZEOFUtMUczZl9wZERnaEQ2TzFVZWtjTmtwYWFRMkRyX3BTZkdaOG41Wk1zeVh0aFNaTHFLeWJqNGJfUGljNWV3Y2xaRnVGM1hDN0sweUJoUTFvY1ZaalJv0gG4AkFVX3lxTE5DQW0zR3ZzUnJBM1c1amNyS1J0QzY3dzR2azdzVThOQVBnNXh6T2NDMjRJam1TN2ZDSUVzVzg3VEV2ei14d0lKa2RZZ1pXRTJfM0tJWGRYYmpXekNILV9ydmZGTDJzZEE3R0QyeGR4N1ROMkliYkp1VHBPNzNFMXNWSlpoLXd6QWNkQzRublJ1Um1PZklBWF95c2d3UU5UaVViQUJYRzZyUGtUeVJONkk1WWRLV09lX2JCQmFqRDhFWXNwWmNWdU8yaDVjLVlkVzhLVUw0NDFtRU9WWmhVVWR4R05EZDZIbmxDdTd2UmRqWkN2cWxSdXVLM1dZa29hLVNrVVRCcWFhTTdMRTdnREktQy00MUxCS2MxSmtybWxpbEJ1YjQ2aUNWTXdfcXN1aFdMNkdKRlpXSw?hl=en-IN&gl=IN&ceid=IN%3Aen,22-06-2025
26,Automotive Cybersecurity Market Expected to Reach $$$ Billion,https://news.google.com/read/CBMimAFBVV95cUxQSV9XVjhUX3ZwdlhTNkhqX3pNd0ZrZDJFekYxM29uVy1BSzdzUnFDUC04YWhmb0VpN2tCWml1OERkLXFOMEhQLW5vaTljUzQ5NXgxUGZRMThySG5JWTNDZFE5RFNhZ1RXeFYtbl9pM01xbS1BUDBVRElWMkxmU2RhdVpsLVhobHFCUWlxTHlFSDJvX2ZELU9WWQ?hl=en-IN&gl=IN&ceid=IN%3Aen,23-06-2025
27,Cyble and FinTech Australia Partner to Fortify Cybersecurity in the FinTech Industry,https://news.google.com/read/CBMi3gFBVV95cUxOWHNGMzdpLV9qY0F5VjNoWjNRS05oT3V6YnZiVGVFVy1EbWFBYTZFUndyd1FvVUtMOWhPQW9peWVYcnIyNkpTRENNZGh5c09wN0g5UzNPTlFBMjAwWFJGLXRwRllNNWpNWEl2OUcxMzRPeGk4Ulh2S21XVnMxeXBxWHhoWHVJM0U4N1VfRExITlNyZ3VPN3dPZTlQeEFXNGRORFVhb3h4b0RPblpFUzcybXBQcDloU2FGdXIzUUdURUZ2RVVDYlRETExMU2pRRFZ1dVU4eXVDYy1WazBMM0E?hl=en-IN&gl=IN&ceid=IN%3Aen,23-06-2025
28,Google invests in SMB cybersecurity adoption as attackers focus on India | Company Business News,https://news.google.com/read/CBMizAFBVV95cUxOZXFhbWRsZlk4N1Z0X0ExT25nREw5bjUtLTB5a2tZSTNVNGxaSUM4MUdOQ1U3U2lRYl9YVFpNc0pjTGxGTkczSnE3WkRGMXh4VmV1SElpUEh0c3gyV0dlbDFVSHl4Y0RtZmlLUG43QzVZSVNLdEtwSlZHLU5YdU9nWFJXYk5UTEtJMFVBZGNlcHllU3dPUWdIRVdGWGtuLUNTajB4bk5JeFBGR0U4Znhqa2ZXTmF1T3Zpa1BsVk0xcmhUNGhrckVqV0ZOWEzSAdIBQVVfeXFMTkFKZjNBTy1za1k1UHNEaGlSWkJNMzE4N05hc0RDQWZOSmdGNW9oOHdCZmVvSS0xVmNfLWVlekc4UmFVS0ZIemx4TnIxTHpxdEFGT2FFN1RMQW40SHB3VkxKemlCV2hSeG9uMHJnbFNCSkxuTW5pc1l6c1FQY2ZSQzRsaGk5QURwdlpybDJiYnlMMjNsQ2JRMmpaY241bnFwcGt4SkdQTHF4NFBFaXhKZHJMdEx3dmY4cXhWdmU2T0laV0p3Wi0taWFSWVZnU0N2eWhB?hl=en-IN&gl=IN&ceid=IN%3Aen,18-06-2025
29,"Thousands of UK government laptops, phones and tablets have been lost or stolen",https://news.google.com/read/CBMiswFBVV95cUxQVHh3cTA2MmxPaE91TkZUYW15VC0zQjNiS2g2V3piM0V5ZWxycU5haUJmYnM1R1ZhdHZuVWoxTW9ZeFVLbWFGcDd5VzV4eklUZm52c1k4SWhhSkM4aDVoeTU4WU1QcHl3bE5mZ0x5M0xkU19PajdEc2taYkF1YXlWc1k1QXZ1OGctc0t3b2JSd3pjeS1BaGxVbDhRaVJaM29jTGhiSkxuVndyUkhySlFFWTk4Zw?hl=en-IN&gl=IN&ceid=IN%3Aen,23-06-2025
30,"16 billion login credentials leaked in major global data breach, warn cybersecurity experts",https://news.google.com/read/CBMi5gFBVV95cUxPUG8wOWpWalA4S29rS2xocURBU19lN201VkJGNnVUazFsOUU2UktZdmlMLTVPNm1IeVMyeWw3LWowWm1KOHF4em5rRFU3Yk41bm9abmM0ME10THNYQkd0S3U5alQ2UGVPdWNPN2xvZWJaR255aW1tdV8wMTBtSkhaOE96SEZ0LUMwT0ZIX1JpQVVoeTFWaUY0R0NIWHBPMW5qTXVkcDRoY3Rpakk2emFyenR4LXdwai1tX2FUN1hyVFh1VTNDdEk1WDNCZjFGRWFteDJGUmhzVTUyNU1JX3RaazBWY2lHQQ?hl=en-IN&gl=IN&ceid=IN%3Aen,21-06-2025
31,From the Boardroom to the Break Room: Rethinking workspace security for SMBs - ET Edge Insights,https://news.google.com/read/CBMiygFBVV95cUxNSlFLRnl1b1IzUENJdzdxSzUyT0dnMHFDUHBIek5ETlRjQS13cm1XSzhNUHRrYU9ONU92c2FfOEhPMFdpalphSG1RbzV0ZVQ3U2JoclhpbVVJSUQxeHhBSTVWbUIzQmNpNW9HVzl6amlLd3BMcFd3Z05lb2pWcEMtc3UyYXVlZU5JRlh6c2dCOFdhX1RIbC1MREE0U2tEM0VqN1I3UU1GZ3JKbjlTNFNBQVpFdFAyWExXRU95N1p5cmJIcVJIZWltMDN30gHPAUFVX3lxTE5wOTBCd3RpMjdnNVJEY2VMWl9wX2ljSmVLMTlINHA0WTgwMVl3dko4emFXSTg1T0gzdWM2MV9TZWNvQUYyYkVXMGFGaGZIVG4xUkZ3c3BlLWM3NFNQdEMzR3p5eE1TWDNLRWRjUF9LNUZmMVRSckxLMW9TMFEtVkFfTWtBRlhWdVZJWEVLV29TR3dqTFhNU0JsSFZxd1U3QW9SbXc3NzMzd0FVcjBQU3c3S3J6OGgwYmlMRWNBd0dPZVJXd29SbU5NOXZGLXBYVQ?hl=en-IN&gl=IN&ceid=IN%3Aen,23-06-2025
32,The AI Arms Race: Why Traditional Cybersecurity is Already Obsolete,https://news.google.com/read/CBMipgFBVV95cUxNUHU4Njdma3U5bmJfZlUxaDNCZkVYeE9ZbVpoV1RWbENRYjBpeENBby1WMnFMU2FlV0tCRTRod1RpVkE3MkZYdFZLb3RCNFRZTzNSTnBJVm55eWsyOWlISGZPTVIzQTAtek5LVEZaZ1hfN3hJTG9jVlBQMkhhY3h6RHFXVmRRaF9XaDZPYTFkVzQzM2tFT0N1QVFNbWlYbElPVkFJdktB0gGrAUFVX3lxTFBCbEpCbVRvcjhwYm1Qb2tMVG1Ia1l2TEhJMFh2RVUxWF9rTVI0bFRtTHdCNHR1UTEtb2liSHAzNUxlQ2lnWWg0cFZmRlNpQmxQNGFHbW5RRm0xWHNrOWR1YmdtaXlsUnJKeUlxWm5TbmVHclVFc2NLOXByYlpvcFR5TGJIWS1RM2hHZm5fM2xwVW1SNEJxQzJlVXVMcVFGVlZWdzhWOG03bHpmZw?hl=en-IN&gl=IN&ceid=IN%3Aen,22-06-2025
33,The Future of Cybersecurity: Inside the Quantum Cryptography,https://news.google.com/read/CBMimwFBVV95cUxOOXdoa29MRm5NS2lJZ2E1ZVRYTk1XdXpqOG53bmlaMVBkYTExQ0NndDJGUTB5eW91Y1dXODZuMmlLVXJLYVZ4Wm1ra1puMVVQSktwczBLeGJXZFpmUU1BMzh1UURHbzhXTEtpWWdQdG9iY09GNHctMEFCV1ktaXFOWmlmRmc3SGgyelRFd3hKTHZBRGtpN2VmV0pmNA?hl=en-IN&gl=IN&ceid=IN%3Aen,23-06-2025
34,'Cyber Suraksha': Armed forces launch cybersecurity drill,https://news.google.com/read/CBMiqwFBVV95cUxNa0hhY2tDVTFPNTFaUXZsQlZOdFZFLTZrWnhKRDBpeHBjeGtWRERuRVZMUmdHN21HU1d4T1NfNUNSSDFTeEVNM3BETjFTVWJ0ZlR3bERFU0V0VG9OQm80WVd6YUFOZzBjZ2I1dEdNV3hVamxIcjA3dTh5RGEwVVZ5WFlvZ05NWVdmS0ZFekhSTVFWUVp5QXl1Sk9kZUJqSm5nVEY2S1hBTFFPRDDSAbABQVVfeXFMUDU4Y1d5eVZGeTd6MlJHdEp6VFdHLXdUWTBlZ2xOdjk0ZEo0UUJxMm5hWkxYWllDUkhlRHpqOGlIYy1uSzMyOVFPSXJPT2g0VWRQZ040WUJHUXNfb0NTRFg0ZDMzUzF2TjVXOXVSdzF3YUhwb2YtT0lxVm1GSUlRRmY2V1JqUE5Ec1pDX0UwMUJmWWVMSGZSZDJWVWQ3bnpIaVgwSkEyNHdNX240OUJyTHo?hl=en-IN&gl=IN&ceid=IN%3Aen,16-06-2025
35,Exclusive | Dr Irfan Siddavatam of Somaiya School of Design: Cybersecurity needs user-centered design,https://news.google.com/read/CBMiiAFBVV95cUxQc1BheVppalVjRks2RHI2RXg2dzMxdDlMR3N5LXVqdlNTTGhGSjdvYjVBNk02SE1hNERiaVVtTHpuUkwwRVk4WGREWWtsLXRtc0VjWGlMUzZSeldiTV9Sc0lpaGFRUjBJQ2NFQ205WTlDeWRPQmIyN2lNN2IwWGF1ODVIUGNXdEFR?hl=en-IN&gl=IN&ceid=IN%3Aen,23-06-2025
36,Abacus Group acquires cybersecurity and incident response firm Entara,https://news.google.com/read/CBMicEFVX3lxTFB4bF9oU2lfSDNzc2VYanNQb2x5aF9tSTV3TEE4cFpMelBrZ3JCX2E2a2wyalVXUzdlQkNXM3RWQVRKM1UxZ2hweEV3TXp3UExZeFQ2V0pvRWZlRXRSQVZLU1pmRXVQR0pvUXNOYzBiOE0?hl=en-IN&gl=IN&ceid=IN%3Aen,23-06-2025
37,Cybersecurity for Students,https://news.google.com/read/CBMiZEFVX3lxTFBGOVcxUHdIcElQRUxOVU1xLVItdXg2dF9LLXpOX2d0V2UtVmdNUTVQRF9MemZBdW1jeTBuaUZNU3p1bV9ISDh0VVh0UFlJR0FiLUJhcy03YmZVWTdvSTFrZ19lbEs?hl=en-IN&gl=IN&ceid=IN%3Aen,11-06-2025
38,"Viatel makes another acquisition, this time a UK cybersecurity firm",https://news.google.com/read/CBMilgFBVV95cUxPbUlmb1NudkxNM2lVX2U1ekZaVzdyUS1fcWxRVy1maTBmNlgxTnhNTzlEdHpmcVlxTjhLTjNXSDVSampUX0ViYnZnWHc3WUhmcUVqNFJmOUZlLVlaVW43VFlmWlA5QmVyR000TlFpXzU0dVhLd201UlE4TDRmVjBZcHVaSXVRaXBGYlg4N2p3RlF3Z2t2Tmc?hl=en-IN&gl=IN&ceid=IN%3Aen,23-06-2025
39,Exclusive: How Cybersecurity startup Blackveil is targetting AI-driven threats,https://news.google.com/read/CBMisAFBVV95cUxNU21WLUEzVFlNRk1ENHRVOG1Rc2JSLXZsNzNQSVFUN0NUNmdnSlBremozejZQMmJZWEY4Mm8zTzRqdVpIUVktSEZkdTJOX0JRXzJHeHItRkdZSHo3YUpxUzI4ckF2YlpKUjRMaEtlZGYwbjN3OXlSWjFjTW1FZHZGMlA3b2RTdE4yalV5NFNWVjMwN19mY1RrNFNIdmdFclM3b1F2cDljbEM1WUxIZ0pZRA?hl=en-IN&gl=IN&ceid=IN%3Aen,23-06-2025
40,Google Opens Cybersecurity Hub in Hyderabad to Strengthen India’s Digital Safety Infra,https://news.google.com/read/CBMizAFBVV95cUxPNFVZX3FXSENwOVVQU0xiS1owbDFhekJyODZyZXNlRmxqVUc2QVRjU0dfeFZkVVRObDZLcEZCLUluSEx3TUZ6d0ZNX3NXbmZnc3p2cnV3ZnNYRkRzank0cU1kdjZTMFZTcHZCeFVkdVl3U0FVQm9RQnh0REJ3VHdVSGctcGI5VDVqcTZqY1Yzcms2X09FTl9VVFR3cllNZlZaY2Yyd29PX3M5OUlWaEt3TVFieWhuVFJibVFhdl9SMU1XM2w3S203U3lLd0Q?hl=en-IN&gl=IN&ceid=IN%3Aen,19-06-2025
41,"Finances, cybersecurity top tech priorities in state, local government, new survey shows",https://news.google.com/read/CBMigAFBVV95cUxNdWNOV0kwVWRWSG5hemREUU1nWFdna0JwNk01TVR2Zm5EMXhndEhzekYyVFFkdVNxbWJ1b3FndklNVkRlWGFBUFZ0WWlYbGE0SVZqcGcwZTdpbWVqbTZ4a2JlbFAybWVSMGFQNm11SHVIRU9CTkVhNl8xb3JtTGx3MA?hl=en-IN&gl=IN&ceid=IN%3Aen,23-06-2025
42,“Beyond Compliance”: Vantage & Cyber Skillsphere to Launch New Standards in Cybersecurity Training,https://news.google.com/read/CBMiYkFVX3lxTE1aTnBCUmw0ZkVXTGpyZVJDT1BHMkFLVTZ6Q19maWJ4ZlpLRVBsTVRZcUVCeFcxaWxjREtGc3lZQ1ZnZWNTTTRYTGQ4eGZOZjFueWdQQ3N6ZEQ2b2YyTUUyTl9R?hl=en-IN&gl=IN&ceid=IN%3Aen,21-06-2025
43,Key Roles and Responsibilities of Cyber Security Professionals,https://news.google.com/read/CBMikgFBVV95cUxQUXV1SXVIUEt5QjlYMklWYUVZR2hGejlXNDFXTjB5OWZ2SU5ndWppZVc0QnJ5MWZwdnFpQXdXSjZObUNOanNGc0xwdWliZUY0WVRnRlhpdHF4eVkzT04xcHVSNGNhdUs3aXcxa1AtdnFweGJzVXNXd2FXSWVaN2R6ZDJJLS1pZXYwcy1mRWVEdG1Ddw?hl=en-IN&gl=IN&ceid=IN%3Aen,09-06-2025
44,Can a foreign government hack WhatsApp? A cybersecurity expert explains how that might work,https://news.google.com/read/CBMiwwFBVV95cUxPd2dRRE4zLS1TVjN4M21UbGR2dnEzX1ZfSUtDMXI0dDNtMU5zOE41RHNzejRqQVpyd3hTZUtBMUV3VUxfUHBrVGdHbmVIemNGc1lreTFIU1VFOHJtZlBlME5hd1ZGa01mU1RudXFkakJUaW0tTmxHNnNmMmktTGtVU1JyQTI5aUtVZEZub2xKTUJ3MzNOWVlmNzRzVE8xWVJ2UHloZUJaNU5WUzJxOFBuUWc2UTJ3Q2lBYmhCaGJBVENvMXc?hl=en-IN&gl=IN&ceid=IN%3Aen,18-06-2025
45,Cybersecurity Firm Hacken Suffers 98% Token Crash After Private Key Compromise,https://news.google.com/read/CBMivAFBVV95cUxOdWtUSHhpLUhvbnNscllSUFNETUk4R1h0Vjl3Q2dxX0lJdnRvMS01anZ4NS1wWVpCVnFrTjNnOEtMWFVoMFBxZm04YWd4b0Z4bUl2cDB0WGM1a0xKRlRGcU1xdldJQVI4blRqSTZaQlk1cG1PeW81QzU4dmpWWGRTVGY0ajN6VUtzYVFGbzBFYl9KT0lLZG96SnZ2aWFPMWljV1h0U0dPZVR3SmRRTlE0U1pqWmQ1RjlsTjRhbg?hl=en-IN&gl=IN&ceid=IN%3Aen,23-06-2025
46,Turnaround Opportunities in Cybersecurity as Cybercrime Escalates,https://news.google.com/read/CBMisAFBVV95cUxNbnFBZ25POXhydW5kZWxrS0RWcVJ4b3k5TEJkd056eEx2eGU2TnBGVU1seVkzOFJkcHU4WTNGQ3o0NTVvMkg5WkRLb2ZudHVkM0hfX0tWV2NKanBWQndGTmFYcTVEOEp1RXRVODNPNzExcWFDb2pTbmtRbTZnRGJPWUtKNmlsek5BRXJISmVWclA1Mm9HWU9COExHNl9ickhPSW4wZUtPNEJlMHo3RVoxMA?hl=en-IN&gl=IN&ceid=IN%3Aen,23-06-2025
47,Critical flaw in Microsoft Copilot could have allowed zero-click attack,https://news.google.com/read/CBMikAFBVV95cUxNVDFHdmRSYUY5ekFHeGRYR25UZFpkeTR5NmVVNmgzMXo3UmZybFN1Y3loaDFDVmFlNzNCMkt0c2RIRGxnMHplY1pSNnBDZjlzN1hFeVRueGZaR2RFOXY4SUFPeVBCWGRiMTUtSkIxSHdXNVVsTHl6YnhMRUhLUElXbDYwWmI4ZVgxV1Bvd280ZEg?hl=en-IN&gl=IN&ceid=IN%3Aen,11-06-2025
48,"India launches first Digital Threat Report 2024 to support cybersecurity in the Banking, Financial Services and Insurance (BFSI) sector",https://news.google.com/read/CBMiaEFVX3lxTE5heHNkTGprYmxMOHQ4TjFoNEtTQ1M4dVdhcWpHWnJES0hSeHhzS0xGaHpVa2FEeURpNEROSER5M1NISUk4SGZLUElNZFMydjhaM00zLUx1VHlzYkdwc1lNa3dmbjZVTGpv?hl=en-IN&gl=IN&ceid=IN%3Aen,07-04-2025
49,PCE Students to Lead Cyber Security Awareness Under ‘Cyber Shiksha for Cyber Suraksha',https://news.google.com/read/CBMivAFBVV95cUxQTTRwV2FnQ08wUXV5UEt1azRNRWRKQ2FKVVlYOXZjcy1GeExLV3Uwdkp2bWhjenI5TlpZYTFvVG9vYUN3Q2QtcGlVNkM4NDdnMTZHLW5SRjBfY3cyTGx4RGJlbWZqc0pSM2dvOFExNWl6WHVmTHlFODNzV3AxQnRRMld2bVM2ampfY1RvMnVubVJkQ0lJa2Y1NUxqRnhaNmh6TExFWWo5SncwQXd2V3JvS1Y4OHN3SnpnVDM1eA?hl=en-IN&gl=IN&ceid=IN%3Aen,23-06-2025
50,The Impact of Artificial Intelligence on the Cybersecurity Workforce,https://news.google.com/read/CBMipwFBVV95cUxPaUFpMmk5Rkthclg4c25FNFlLNGg3N1cyUVlrRkFfUFFwc0dCVmcwalg4bEtEUFFNX2phS0ZiTmR6WlJLQWpOTHdXNmRhU2lHTUdNUVluTHg3VlNFQTREM0tRUnRKLXRLOGRoczR0UGZmVEJzX1lPY29jYmtSZUNBd3l4X3JIbFBqblZwSWdQSE5jUDlhc1Q3aDNrb2J1Q1hXVFd1SHJFcw?hl=en-IN&gl=IN&ceid=IN%3Aen,12-06-2025
51,Channel gives mixed response to government’s new cybersecurity investment plans,https://news.google.com/read/CBMiwgFBVV95cUxPV0huM3hGUUdBU09fclRyd1FZUUNBQU5feE5IdUdVbEp3SkVxUm5mNkplcWdRX1VjVkt1eThrbG9sV1IybENiM1VwdnhqS0Z0b01acTViTVJUU00yRTVNbG14X1pvVEVMdjFuR09KRTVqY1NORi1CVHRGOFAwSWRMM0IyeEhkMUxJcjVKUjYxSG9VOENTTG8tVkJjdVpHYU5TMmdvQzRDTE9EN0NnT0xRckt4a3VGdENPa3JkVXlJRWZPUQ?hl=en-IN&gl=IN&ceid=IN%3Aen,23-06-2025
52,The highest-paying jobs in cybersecurity today,https://news.google.com/read/CBMimAFBVV95cUxNNFJzbEZrTWNnUHhfd0o1N3hIdG8wZGd1NlZiWkxWdWRkMVVMZ0tlUWR4UnE0LUpfU29jaVpCYXpGbmxINGlqTnVPOGFoNzNYNnc2bEpkd0xISjk0NWQ3R25JZERSYzc3RndPaXZGU0Y2RkF3YmpScHl5MURPbUowYi1IZUVQNGtGX3FlckZ2VjhfQWxwUExmYw?hl=en-IN&gl=IN&ceid=IN%3Aen,18-06-2025
53,Italy's Leonardo buys a European cybersecurity company,https://news.google.com/read/CBMirwFBVV95cUxNOVJ0MTBKUm9BWHAtSDhvZ05LZEFLcG1JLVQtTUZTNTYxZ19weWR6TFJZS256WkNDVFJDMi1rYW5NU0k0ZXA3LWJxYnBuYVNzM1FpRWlvdUlHM3JUaDBJSGZfR0h2eVctdGZ4NGNESTZzaFRCVHpadHdzVF9LQy1CWFFPSDluMW1DdnRPVGNOQXJHanZQbWpJa0J0LWlKLUNBM0t0Nklubk1TTlVENGE4?hl=en-IN&gl=IN&ceid=IN%3Aen,17-06-2025
54,Barracuda Exec: New BarracudaOne AI-Powered Platform Tackles Cybersecurity Tool Sprawl,https://news.google.com/read/CBMivwFBVV95cUxQRjZndTRCdTdRSHNFakhYMGVQN0M5R3lnN0kxTUhUYV9mQ05VYmdkUGR4TnNSM2RYOXU5NGZfQXJFOWZIdjR6UFF0RjMzZmQ3RmdscDJHQVBxT1BEXzgtY2pUSTFrc2RrWmtrME5wZEZndWZaa2xvWUxac1ROYmdieXJ6UFc2VDctYldvZnE1dEJYX3JyS045U2ZaMzIyd2FUSWl1LWlFdnhXNVlULVRRV241cm1ELV9zaDJMUXZGOA?hl=en-IN&gl=IN&ceid=IN%3Aen,20-06-2025
55,The 6 biggest cybersecurity breaches of 2025 so far,https://news.google.com/read/CBMieEFVX3lxTE1DQkVPY2lNanJ6N080M1ZTUUZKLUdPcTdEVzVOdnNoWS1lQ0hkb1o0S1ZIdUU2QksyTWtpU1QxVERILTJzb3R4dEI0UkxURFpfd1lqbU1TNUMwZGNwWkE3bi1VWm04TzlodGJXSk1oV09kNzJKU3hDcQ?hl=en-IN&gl=IN&ceid=IN%3Aen,19-06-2025
56,Cybersecurity operations,https://news.google.com/read/CBMiTEFVX3lxTFA5QjJZc19aRGxxLTkyVWEwOFVFd21fTWFrbVVRNmtzWVJ6bzFVUl9tTW1HeDEwTzh5ZmVBWE1Yd3ViNnVNX240WTNzTjI?hl=en-IN&gl=IN&ceid=IN%3Aen,03-02-2025
57,What is Cybersecurity and Why is It Important? | SNHU,https://news.google.com/read/CBMidEFVX3lxTFAtN2tCLV9STlZwR2FGVkg3a3FWVFo2TDZyREwtVXhyN3ZnTFBKNWl3Y3lIV3E2dXpORVpCcW5EeTNqVHBCelBHREhYdkJ5VzVVX3MtaWdIc1RqVTYxT09tcXFDQzJwLVZaekRIaUFral9ZTGQ0?hl=en-IN&gl=IN&ceid=IN%3Aen,30-10-2024
58,"Largest ever data breach: 16 billion Apple, Google, Telegram passwords leaked | All you need to know | World News - Hindustan Times",https://news.google.com/read/CBMiigJBVV95cUxNdFlWRWlVbUFnSEpHazlxV3FKb0xQWnF1eFI0LXdJUTdRS0JpSFBxNzVCV1E2cWR6SHhac3lxZE5jZkFUSHo2UUxXcm1IdmNHVG5uR0NzT082N21DaDRBOVAyWThacDFnczVNVjhJMEc4V1hjWVJiS1dvOUktUDdRQVE3UG9BLUNxNkltRUk2bmZsSHdsdjJSMVBoWVc3T3RDMXJveGdRNWZDOXM2RnpfNUdOQU1ndG1ybjVINl84djhOR2JqY2M1S3FJcHZGT1AtRmtXTDdtdjF0YUtKY0M2ejF6dXRERE5GRXhDak51aV9TbHFRLWhVU2ZmWEtSWHlBaG84X09rbmtDUdIBjwJBVV95cUxNSzJ0T0o3ZDB6aG5mcFlsT2FKUEt5S3ZWdHVuQkJCa3FPc0QxM09HQnV4QVhnNFBIWkEtdm9JMThPTmFqN3ZpUHRrU2JPbTN2MWYwbm5SV0tPdTUwTjhEUG9obnItWDFMQnFrWGdPb1BaOTI4OHViV2p1R2xnMlE0dmZ1c2NHYmxmU0o1WmdpNWM1VTdkSGVzY0tRY2RSTnBYdmFkUy1iTERmcm0xb242NE1PQm1jdk1GZk1PNHlPaE9PanFxSVFaZnIwQS1seWRiR3hoRFlQRUJQbWQ1dW13ZUZVV2RSNVBUUjJjdzFxcHVnN25tbFAtNjV4Z29JRDZqSGEtT2o1SEcxNFBzQXlv?hl=en-IN&gl=IN&ceid=IN%3Aen,20-06-2025
59,CISA loses nearly all top officials as purge continues,https://news.google.com/read/CBMihAFBVV95cUxOazNMY1ZlNlJ1N2M4eG50dDNpNW5ZR1VSZ0xxNm91RWJGSVRIOTgxMnJpekpFTFRUR2sweUlqQmpfVXJ1UHhtMkRscU0tUEQyZnlibktyTEdtWHJDWUVWWjhRQUFnWXQ3S1F6SHNhMVBpbTdpYkJBME5qd05uMVphZGpSc08?hl=en-IN&gl=IN&ceid=IN%3Aen,27-05-2025
60,Google: China-backed hackers hiding malware in calendar events,https://news.google.com/read/CBMilwFBVV95cUxON0x2ZndSXzFBb21Nc1hfM1NWVlBWcFJ0T182THRmSGpJWnc1bFNMSktNcURlVlJ5dVZ0U0dkOWxiZ2RpZ2EzNkVhZXF3UDlOZ0Q5c3FLLVhDVUtsa3JmUk94cVozSzlZYXNfYmRkUjV6OHpGZGl4S01vNTNyZWFFaDJ2U3g2d0ZLX2VydnBhQ3RZLUoyQjAw?hl=en-IN&gl=IN&ceid=IN%3Aen,29-05-2025
61,WHO/Europe launches guide to strengthen cybersecurity in digital health,https://news.google.com/read/CBMiuwFBVV95cUxQRmRjZll5TkhSbWxWS0owNlg2cTQ1WjdFRzYxLWF6ejh0UGR4RGZjM1hBQk5rM0FiXzVaLVp1aUotOElrdW1YYWxDZkExUDBhRjNDRm9HRXE5Z0dqWERqTGpTMzhZUGl0ODZzTXpFaWJ4X0dvME41Z3RpS2JwVHYxdi03Z3hzeFF4eDBwRk45QmpiaXJKWnM0SWhNdjZyaFp4bFY3Z09EdzdFVU5wd2hJWlJ1OVdINTZndU0w?hl=en-IN&gl=IN&ceid=IN%3Aen,26-03-2025
62,IAPH unveils port cybersecurity guidance,https://news.google.com/read/CBMiqwFBVV95cUxQbHQ0akRyWHFKbFdISHdtdEVZdGRPZ2EwV05QaUZsU19jamU0ZUlSdzI1YWxRTmdGdWVVbXZMNHdBQ2dKVnowUmRqZlUzTGYzNVFMTDhtYzYwZHdlQlFLUWlvMFp5YTBNZDV0Zm00SmhMRlJwbmlrSUJ2Vmg1Y0tnVW9mME83R1IzajdDODJQYThIaFVmUUNINHRjTUZzS05qYkhzd3lBdGRhTHM?hl=en-IN&gl=IN&ceid=IN%3Aen,23-06-2025
63,"Weekly Cybersecurity News Recap - Top Vulnerabilities, Threat and Data Breaches",https://news.google.com/read/CBMib0FVX3lxTE5qdEEtVUQ2Z1RqR1o3eS1pa3Y5aTJxVk9zUW1adG5YVEJHcjlTd0ctY2pRbUg4OEpSaGZfSTRoTWF2a3d2WGFROW1PVjV0RXdqUjRVdzJFTWE0alk5NVlPLVJnQ2QyUG1wMlZLS1NOMNIBdEFVX3lxTE5mNGlkUlQzbjZ5NGptMGg2YmkxNlIwYUNsd2xvTWwtQWNxeHh0NHhwYjZaOERqR0ZaR016N2ZTUWtkM05tQWM2YlRCZUxoQVpRRUdPU2FyU0ZaZUFpN3JtSTB3YjBROGxUZkhVeHRxdUVNRzRC?hl=en-IN&gl=IN&ceid=IN%3Aen,22-06-2025
64,Oxford City Council data breach affects legacy systems,https://news.google.com/read/CBMiqgFBVV95cUxNSTNaTnlLVEJ2MWcwcjh3MUdiXzFCcU1sQ3paUWNMcTJOVGlBcmhmTHR2NDNjZ0R1R0kxWk4wX0w1ZDM1ZENTd253X2pXVTd5VmdtRGdqTGxXQm0wRjFkLUFyXzFXZFRCVVN6eFRseUM3N1ZOVzA2cEFZWHpxQWxZUzJ4VzFmU2dpUG10T01DellRZG5lbkp6bWxYZmhpRWVLdEx1RVVRTlF4UQ?hl=en-IN&gl=IN&ceid=IN%3Aen,23-06-2025
65,Cybersecurity considerations 2025,https://news.google.com/read/CBMihAFBVV95cUxPMlF3UEY1LW5SQkE4TXJ3SVZvSjhTeW84Q2IwenY0THVid1NnYTVrZ2F4Nm5QTGtVVE9XQWZnS1lsZHVza3JMdFB0U3Q2MFFlZDBCRG1ESExKbEYzRVpWU2pwQm9aTVk4WHVGWkRYN1RDT3laOUFkRmc2Nl9BX1FPR3k2ZVM?hl=en-IN&gl=IN&ceid=IN%3Aen,18-03-2025
66,Eye World Launches AI-Driven Cybersecurity News Site,https://news.google.com/read/CBMi0wFBVV95cUxNUW5Cb1RSZU1QRFAycGpwQ091WGI5SFpBT01OdGJUZEswbVpMUHY2UmhVS0dlcjAxUV9ZblVIeTM0STdTVWZwUmRvMnRIaUZzREFVX2hXMVVxNUZYSUpEZ3N0UmdtQ0tINHliUW1sRWZjWU5CemZmMU1fa2x6TFhySEtEMWtkWVRhTFFpMVJla2JVRDBrSnp4dDRheDZUSEN3a005eTJ5NVlUVGFmdDNpSVdJcGplM0JxdnByX05BWjFGSE53SlR3czJ3SU9NWGtVdmY4?hl=en-IN&gl=IN&ceid=IN%3Aen,23-06-2025
67,AI-Powered Cybersecurity Services for Digital Transformation,https://news.google.com/read/CBMiVEFVX3lxTE50MS1hNlJuUmtCenk1RUlUOFZfVnYyUlItOXpCNVp5ekM1UWZ1RVhVMm94LVlxcEZvVnJOMUowWk5KVHNGdHAzR3VsVlZnQW8yNGYzQw?hl=en-IN&gl=IN&ceid=IN%3Aen,14-05-2025
68,Aflac discloses cyber intrusion linked to wider crime spree targeting insurance industry,https://news.google.com/read/CBMihwFBVV95cUxPN2VlV3RQeHhvRnBCTkxxOXp5TGIwOVM2UXV0UHFLcG1GSktZWmFlaFY4T0ZIb0phUVMteUpoNzNVeUk4eHdJbnJsMWtkQmRHQVZ4RlRKUFRodFlxY09VLTFOVHlFMHJEYVc1dzRIbXVRNHlRVThBMFdDeFhNN1hyMjRjS2NSSzg?hl=en-IN&gl=IN&ceid=IN%3Aen,20-06-2025
69,Cybersecurity Report 2025 – AI Threats Reshaping Cyber Resilience,https://news.google.com/read/CBMihgFBVV95cUxONk1OZEdRd29oenBvRkgtWi03d3JTNXhiQjRLdGMwbkVEaHZ0RDRQNmYxLTZqVzR5SXFfVkdEc3hZYTFrelJxWjF4UUZnUkl1ZDI0dnIyYWdIeWNkTHp5eVE3OHQyM2licExvelBsOW5ZSVFUbFRoQ2JLZWdESzRFYmZDazZqUQ?hl=en-IN&gl=IN&ceid=IN%3Aen,28-01-2025
70,"Companies Must Get Their Cybersecurity In Hand, Intruders May Be Watching.",https://news.google.com/read/CBMirwFBVV95cUxPaTEyNWNxQlg3Z09YODViSVFDY0t2VUd3VnR1RTBrNGhQcE9NR3hpcWtlRnYxZDJpRV9PWUp0ZHdmTm16TnJpeEliMUdlSGZsemtiaDA5N3NGQ2RzcGhxTzFGZ2FVX3lrU3Bfd09yYTdVNmd3LUlMMVFKWURmbEt5bW1yS0twYkpmeENTeDNVY2ZPcEVNZlhERFRURDFBTldRQXkwVk5RVE5jazQwWk9z?hl=en-IN&gl=IN&ceid=IN%3Aen,20-06-2025
71,"CRWD, PANW, and SentinelOne Get Set to Secure Cybersecurity Market",https://news.google.com/read/CBMihAFBVV95cUxNeWxaVUY0Y0wxYmE5T0kyNmZFcXVXYzBWRmp6ajl0eDlHdzJJYkJFQlluZ0FQRUFlRGc2bFVvVXRwZGtkM0xZeHdqTTBFVEdUQWpnLXZ5TnJVVElkMUI3djQtUUFkWjV1Y3U5bW8tOVlTdEhzWktGeHhIblJyOFlwNWRTZDI?hl=en-IN&gl=IN&ceid=IN%3Aen,22-06-2025
72,Cybersecurity,https://news.google.com/read/CBMiUkFVX3lxTE96VC1GdFhsTTNvOEJVSHR5TGpnRVdfOU9lcjhka2JTY1c1QW9RRGFUQUNTSmRSSVN6WW5feEN6X0ZuUmpoWDBkdm1PM2dzRC1PNEE?hl=en-IN&gl=IN&ceid=IN%3Aen,29-01-2025
73,The Importance of Cyber Resilience in Smart Manufacturing,https://news.google.com/read/CBMi1wFBVV95cUxPOEwtOWtfNlpTYWxOakJoOXNNN2dSNGNTRjZmNXJRWnRmQThoLVVTUldlOFM3aEpGdWRFbGRwd21ob2VYdXBiZmk0LXFhV09sbUlFSGMwMGhXTjhJR2l5X0VjSXNESm93RjZnaExJaFBRbUU5a1RGNDhpdkswWG5LMjhTUzRFem9Pb3d1cXVqSEFpWVZBa2NPS0s2VzBUbGRaX3NVQjhDd1pkZW50TTM5VEQzNTN6dnNTVFp3TkZEcEwxcE9HRWVJelZaUi0xRVNQRG9pbUowWQ?hl=en-IN&gl=IN&ceid=IN%3Aen,21-06-2025
74,Why cybersecurity needs Agentic AI,https://news.google.com/read/CBMikAFBVV95cUxPQlRhdHZHaWFUaFY4QXFlRzQ5U2RVYnlXX3NzbGFvbEdCb1VrT1pNWmp1aDFyX2Z3bjBBallpLU9NeTlZZGJ6c19VRkRjQ3BLSmVuV3VZbmM3dDJkV1NkazRTUDQ4aEdrTU5lc2xlU3E4TVhxOXJXSmlaU21UMzhpZDhvM0ZDOU5od3h0c2d2TGo?hl=en-IN&gl=IN&ceid=IN%3Aen,23-06-2025
75,"⚡ Weekly Recap: Chrome 0-Day, 7.3 Tbps DDoS, MFA Bypass Tricks, Banking Trojan and More",https://news.google.com/read/CBMigwFBVV95cUxPZjA3dzdrdmZKOHg5dS1aTGhhTXBMcW1kaU90eUM0dzBkTnVwSF9PQUNSSmdTSEZaeUlIeGl5LXp3VXZNTWJoQUNTSlNiUUFDZXdGM2FTY2o2ZDVqZ1VvaGdmTlhWcFg1TG05b0RPSFBkTjhVVlJhSGpqX0pHRUhTbm5maw?hl=en-IN&gl=IN&ceid=IN%3Aen,23-06-2025
76,Expert Comment: Does the digital security equilibrium hold under AI?,https://news.google.com/read/CBMioAFBVV95cUxNZzdIamRyYV9fNVRkZUUzSGtMXy1zelpVLWw4X25kWF83eDBZN3FaYlBYaVB5WURuYUJwd0hWcFBfcFZ0QW5kRndpbEQ1VWxQcks0OVhpWFRsVk10bnhYWlZpR2FSVHU0UGtzWHdyNkJsZlJJZmxROXdlTXdtSjVKMHV2cS15M0l2MnVRVEpjRmVnZTI4cmxYcXByZ2ZOX3la?hl=en-IN&gl=IN&ceid=IN%3Aen,22-06-2025
77,Cybersecurity Education and Training Assistance Program,https://news.google.com/read/CBMikgFBVV95cUxPOUpwSFlzaFZaUGMtLUczR29LU1RYQk4xNHpKX1J2b1JkZTd4YTcwUDEtbGJOQTliZXlRWnp4Z0pZZ3VGTXZUMkVwalZYTDM2cDFaY2tHTnVJWmp3NUtDYktpaFk2OXJXbTJMc3Z5aEV0YXZUMWd3N1cxck5NNkZHLXZVOXJ3bnhwTWFJeEFHTlBWUQ?hl=en-IN&gl=IN&ceid=IN%3Aen,16-06-2025
78,Cloud storage buckets leaking secret data despite security improvements,https://news.google.com/read/CBMiogFBVV95cUxQamJtbUxUWW9GdDZUTjVtVXc4VldoSEFUZEhoOHlIcDYzTmw2ZVM2OU11RWxMZGRfdVhqVXRkTFlKQVRPQ2xfQ0ZybXdvc3JDSHJDMmNLaUdzYzFhMzhwXzNnS0E0c0RhdUUyNEltbVFUS25wVjBkNkNWZnRxWHFRMUZWd2hYTUpURnVyaU1tdGtOTFVpZE05d2VLNC05dEtaRFE?hl=en-IN&gl=IN&ceid=IN%3Aen,18-06-2025
79,Cybersecurity Alert: 16 Billion Account Logins Leaked from Multiple Breaches,https://news.google.com/read/CBMipwFBVV95cUxOWldQM0trYXhpalE3a18zUGhSYU1vcFlpYm9KLW1KaW9QbldtY3Q0YWFxNmJvN3EwMS1raGtHVl81N1lvMnk0VEtpOV9ZczRraDE5TVJRMFJNLUxCdTFEYUVublA0Zjc0VDE0RER3U3BoSDdZOGd6TzVXdU5Vd1k0eU8wZHBvdTZ1aXYyRXVUczdZaFFTWVdHdTFLb0N3WVpTVDVib3M4OA?hl=en-IN&gl=IN&ceid=IN%3Aen,21-06-2025
80,Cybersecurity-related stocks are gaining strength due to the possibility of introducing won-based st..,https://news.google.com/read/CBMiT0FVX3lxTE1MNWUzbmg4VkRhdDBDTU4waEpuV2hzbWZsS2xyaktfYTdOaVVmLWNvOUJZMC1PWGZ0Z0xiTExTdUo0dWFvdmxmLU9POHBMNjA?hl=en-IN&gl=IN&ceid=IN%3Aen,23-06-2025
81,AI and Gen AI are set to transform cybersecurity for most organizations,https://news.google.com/read/CBMiugFBVV95cUxQeHJvUG1MRTFPWVhoMVRWdHdFa05lVFFXM0ZXdzJ6aENvWXN1dXFfdEFNMVFta0s4NTRoM2JTN25sYjNVYjJlVXNyN0dKQXFRdWwxb25yeVc3WWFuYjJzQzhQckMwa1pieHFJanE1Y295NENqOWJYMFA2VlRnNHhncUVPTFVmOEphQ2pPb3BOVzJrUVY3Nk95R0tYZHhvVk9PQ2s5S2lZckdvakNCRVNwTDlzYV9ScUV0VXc?hl=en-IN&gl=IN&ceid=IN%3Aen,19-11-2024
82,Better Cybersecurity Stock: CrowdStrike or SentinelOne?,https://news.google.com/read/CBMimAFBVV95cUxNYnFxYW5NWWhZd052RXVDMl94Nllsbi1qSGZ1VjJCVHU5ZHY3WjhVTExEcGoxTm5RVFVZZnAyWldfTXk3dkc2OXltNUh4QWV2Z25YbXYzaTRpd3YxQlhyUEFQb2tmaG95VlFDNlBwYXZaYUliOXNKcElMb2h5ODBHTDlfM3VCdVdDbUp5M3lVY1VfU0d2VGxSMA?hl=en-IN&gl=IN&ceid=IN%3Aen,22-06-2025
83,How AI is Transforming Cybersecurity: Tackling the Surge in Cyber Threats - Source Canada,https://news.google.com/read/CBMixAFBVV95cUxQYl9tajlJQU02NjVjNWFyVldVRlBaRzVyaGM3M3BEWXljLWl0YlBFVUF0X2d5ZU5ZRDE5X0taa0FOLUZwbk41VWZ5cVhTQ0tFXzZRbmRuc0kyeVNKeU5Sel83bGEtNlNqRVpQVlFXQVdZS3FoVVVvNFNBdFNyTDBwUXM2TEJBeGdOOGlsZ2E5NmNid1Z4UFEzT1p4UkFhd29ndkNWdzU3bnFJazF5RHBHR3J4M3pDOEpKQ1dOUEJ5NGR0MU1U?hl=en-IN&gl=IN&ceid=IN%3Aen,04-02-2025
84,Top 8 in-demand cybersecurity jobs for 2025 and beyond,https://news.google.com/read/CBMieEFVX3lxTE14M2tsSEkxNGdpdlBDS25FZjgzTVRDUHJyZ2QycHBiS0tjd1VMaVN6Z3RIVFNuVU1HSDRxUmpNbG1DS3ZBcDM1bHpURXN3ZExGOXFmZkhZU0piNjlaRXFyeVEtSTZQT2REUXhzNE11YmwtYVhfY21wQQ?hl=en-IN&gl=IN&ceid=IN%3Aen,13-01-2025
85,"Aflac Discloses Cybersecurity Incident, Customer Data Potentially Exposed Amid Industry-Wide Attacks",https://news.google.com/read/CBMifEFVX3lxTE5QaXUtV29PTVJaYUg3Q0FsTmdRTlRBNGw0ZXJKUnQzeUs2R0g5OU5BendsdUU3OHVWaDJVRzVfc0o5RWNGRkxiOVVSc3FPek51TGdoa0NwSElyay1mM05Edm5vOF9oYzc2dk9RRjlaTm1rdFNOZmpxc1lad2M?hl=en-IN&gl=IN&ceid=IN%3Aen,20-06-2025
86,Cybersecurity Regulatory Bodies in India Roles and Responsibilities,https://news.google.com/read/CBMiwwFBVV95cUxQQ2hRZzRqMzdWTUtCUVZZTTl5LWlzQkhBN3dDMWdYMTBXcnkwMFdQOHc5WDFlY2tMZzJDRk5kVXFmcW5FUlZGY1JzVndsb1I3YTQ4dVREa0F1dFZ1M1dCbE9QMC1QMF9JTDJJZ2pJdDdMUVRBeWNlWFNrcFRCdHdTM3VMUlJudU5JYW1JVzNmSzJmOU9VQ05KYVo0UDRqUE9lbjJSXzNUSktQTDlIWlhSekhkVUhfT2FRV0ZnVjJyYnk3YUU?hl=en-IN&gl=IN&ceid=IN%3Aen,10-01-2025
87,Generative AI in cybersecurity,https://news.google.com/read/CBMiiwFBVV95cUxOR3VoTkRWWHdIeldZUU4xU2JXYV9EdjRydDJmektBVHVrZnVxZ3FGZVpwWHlGQnpqRVR0RDdKR3JBbkVmSTBYOW1zWFNLRHpGQkhJcllGN1ppUzlldnRKWFYzRmpIRDV1Y0tLc1dkZWdNWGZKakUwWDFfZmJWUWt0VkFxNm9QSzBmeUFr?hl=en-IN&gl=IN&ceid=IN%3Aen,19-11-2024
88,The cybersecurity checklist for CNC machine tools,https://news.google.com/read/CBMi6gFBVV95cUxQb3RqVERUNnJPLWZsQm9tZ2NIbFpPWWNLb3VqdjJVaGtnNkVpUzFDN2lYaHROaC0xUm9PR2RDTFl0RXdRQlF4UjQwaW5FUUtvbTlBYlJGbUh1YmZvSzROdDN0X1VseHh3cU5uWUdEYS1IemxLdkVTRWhucXlOdkFya3hfWHpaRVZSbWlCSllYTTFyeTNTSTRjSi04TjlLQ3N5dmQyQTloOTdaWndsZTBkYkIyNTFWX0FDdFJTTVVxLXZBa2tLLXVoMGt1b2dJOEdmY3IyY3FDOEY3LVctWjhGTTRxUld3QVlKbHc?hl=en-IN&gl=IN&ceid=IN%3Aen,23-04-2025
89,Top 7 enterprise cybersecurity challenges in 2025,https://news.google.com/read/CBMimgFBVV95cUxOMHFfb0FoZFVtd0t2V3Nub3dtWkhZeHBnLUNaakpuM3d2bkRvNGZzZ1VZRlo1NzlOR1NwanJxVzhqQ3duNjdpSWFyVnlkYkFoM3lQT2U0MVhfWEZOXzZPeEFYSjBHQnFrZlMzSjNzQ2VRajhtazNGVG10RHJ6a0ZueG1MbDBDUzBZTUpURlN2UmloSjVEREIzb1dR?hl=en-IN&gl=IN&ceid=IN%3Aen,02-01-2025
90,"What is Cyber Security? Types, Importance & Threats",https://news.google.com/read/CBMiiwFBVV95cUxQV21ITnJ3Y1hKS04zWFZOVE02UnY0QkF0QXZ5aGVfT0w1a0NJREVxMVZJbUtzSm94bjlZX3h4dHBzaFNJU0YzNFJrbmZRMWV4VzVaWEVYLU1XdXgyeVl4YmFfN2tvLUhWSmpIaS1YMzVrZnE0Z190SFNSdFhxaXhWaFhfVHRPUF9JSlJZ?hl=en-IN&gl=IN&ceid=IN%3Aen,28-03-2025
91,Insurer Aflac investigating possible data leak after cyberattack,https://news.google.com/read/CBMilgFBVV95cUxOd1VQME1hSWJFMWxsdzlIMjU5aGstRUI5cDVuVFdVaDNCU1lfd0lQV0RjSlZZYmV2bkQ5LWZFMU1MbFBCaGhSSGRoUFJjdUJ0Ni1lMGV1bkFJSkt0cjhERlpxdGNCTmhORGpIZEFUbmEyUTZYSldKMnhidk5HS2F4Q3lVNnZNVjdCdWdBM1VhRE1YUEZ4Zmc?hl=en-IN&gl=IN&ceid=IN%3Aen,20-06-2025
92,"AI is changing cybersecurity roles, and entry-level jobs are at risk",https://news.google.com/read/CBMidkFVX3lxTE54STFuM3RtNXBIbGZZVHVDcWlaSUVDWGVHd2Z1VkZhWUNBTUdBWGlZLXBuVnN6RklxUEJlN1ptQXpBaUtTa1c1T1Nob2xWTzItUjJHcnQyN0tVZHRVUzJyd3VOX2J0SVo2RU9aVTBGNjJNOWN2alE?hl=en-IN&gl=IN&ceid=IN%3Aen,18-06-2025
93,Cybersecurity Trends And Priorities To Watch For 2025,https://news.google.com/read/CBMiqgFBVV95cUxQWlV5bHZrSlBlajNrWHQ0RkxDRkQ5MU5aV3VqbnlyU2lyaFhfTHBuLWM0YXZWQXpLeVRjM2pINzY2TXA4U3N5ai1TYVJWYkxydzJjejdEaEJSME9tWnQ0bEx6QTdfUi1FYWZ2N0NURVJKZkdNTEw3V0Q5YTJWdXprUUMwQ1hrbXhvbUdMczZHRWE0eHpCYzF2dTctRkxWSS1XZmFlZndsdUdIUQ?hl=en-IN&gl=IN&ceid=IN%3Aen,24-12-2024
94,WestJet probes cybersecurity incident affecting app and internal systems,https://news.google.com/read/CBMi3AFBVV95cUxOUlA0OUhObldTd2NSUUdYUGRuXy03ZDVfdVFBLWxYQkFObk5ybmlpVGpNbG5UY1BHTnBFckdBSFVNcXdNNjNwdEdMbnhQRjdUMS1tbS04ZlllX3FNUnpoT0JyUG9ZUmRYLTFSdjY2VlhrVEZrRVZub2F1Rkw4YXlBTWtKTm4yaUFKYU41akFxaEt1V1J5MFJYRUFhNm9TLUlLZjBGcm9Rb3RKNElGbWE5d0wxS0hnTmxPTXpKa1E1dk41SnNJWGE1eEMwbloya3Bael9hTDZMX2VhT00w?hl=en-IN&gl=IN&ceid=IN%3Aen,14-06-2025
95,How unified cybersecurity platforms add business value,https://news.google.com/read/CBMiqwFBVV95cUxPQzZKNXRoSU9Dc2lhaVpyaFBNd0dNSXQta2ZYa2ZTUHFNaUpOdmJGZzY2a0IyZDNUcEdnaEFQU1ZTZHRubU5JNE84cjF3UGEzMnZXV3V5eWRVWHVGLXh6c1doZUJMck10RXlRWlBxcXRfeFVnUTVrbEhHbFp1OUlUZ2ZEZHNRVEYzeVpmRzJqOEN6QmY2UWEtM01oNk1NZjZNOEc3VHNwaUxIWk0?hl=en-IN&gl=IN&ceid=IN%3Aen,27-01-2025
96,AI is the greatest threat—and defense—in cybersecurity today. Here’s why.,https://news.google.com/read/CBMitgFBVV95cUxOanhPMlc0N3kyWGJibWxuNW5DWVliMVBGNEpPOGxsa0pMek9YQVliOU93Ml9RMll6OVFaVXdHRURnNk5oSjZzc0Q1ZmdINnhyN01LUlFDd05RX2lGYUt5cmEySnlHNXl6WjVBYWR5YUNJNU54bnREZFItLUNLS2MyTEExUjBkR3VKZ3pJbEg4SEIxSE40Z2t2dnBOZlhfczNhbENPQWIya2haa3Q0RzhLdzdMX1RCZw?hl=en-IN&gl=IN&ceid=IN%3Aen,15-05-2025
97,Cybersecurity for Smart Factories in the Manufacturing Industry,https://news.google.com/read/CBMiswFBVV95cUxQRHlma0NIM2FiV25xYzdhcUFMdTVpcEN6VXJ2bHQ0cGxHaC1YZ2pNR2IxTW9mcl9oNnQtdlhOdEpqRFZCWXpRVUZ4WHpZQTUwLUZlc193MjZiLXFua2dEczBFWUZWN0JFUHNxQUJxTjh1alpkbXF4bFNhTDdEelpwWFNfRW10bE83cEJFVXc3ZTdNcGUtZ2tPN1prSFphTXB6S3YzR0dxZkxIWGxFY1hET2tXcw?hl=en-IN&gl=IN&ceid=IN%3Aen,18-06-2025
98,"Only 27% Of APAC Firms Perform Monthly Cybersecurity Checks, Study Shows",https://news.google.com/read/CBMitgFBVV95cUxNY3JUcFA1blJnX0JjRUVRM2o1ay1oSDZUWDdLM3dfTjZ2MWNxbjNVZGtmUllXZGZuYzdaOEdVX0ZkaG9nd0g3QVJKeXI4VGIybTVLcHBWWnNqbUhFTXhTcm1yenEtUXI2RFNjZ2FkYmsyUHNyR25VUDRjU2FBdkVNSTBVQXZrQmlzMURXT3VjU01CWWlmdVhWcm5HTmNtZDlDSG1zUFB3dVE0WHJPYTl2UTVPMmVpQQ?hl=en-IN&gl=IN&ceid=IN%3Aen,23-06-2025
99,Choosing a Clear Direction in the Face of Growing Cybersecurity Demands,https://news.google.com/read/CBMiowFBVV95cUxNdlhLbGRndkxWWUxXUkF5cnZKWFFyZWpPR04zZGxQZ2pkc0t3WkxIem1DQllyenYtWGJBcS1WRVQ5SjREeUUyUGlpSHhsSk96SGtGUWtTa2dtM1NhdXZXUDI2dGpRWWVwMmdjNHo4amNFbi1QdGdMQk5ETlRodmFhWVpYV0lvc29QRUh2U0RUS3Q0X1lRb28wNl9mODdGQmI5Uk1v0gGoAUFVX3lxTE1ickowcmJZeFJ4UEZHTkF0UGVmTE0tSDRJclAtODdSblNmOXR2S2t5QlVyS01MUHZ1UVRnZzdaN0Y4dHVZbnMwSzJvUGFUWU5TVk9JT3hwYTVfUDdhdk9WZkRtdFAxRFBvaXpCTHU2WWNEVl9DaE5NTlpnNlhQYVNEQkh1bkJaeVhfanE1YllwUHBVQkRRanQxNklaSl9tMTUxOE8yc3diNA?hl=en-IN&gl=IN&ceid=IN%3Aen,19-06-2025
